Role,Preferred file,Status,Notes
Home / Welcome,02_CORE_PACK/TOADAL_10_INDIVIDUAL_WEB_ASSETS/01_support_help_center_1600px.png,Prototype/replace,Warm welcoming neutral; support art is not ideal as homepage master.
Support / Help Center,02_CORE_PACK/TOADAL_10_INDIVIDUAL_WEB_ASSETS/01_support_help_center_1600px.png,Keep with expression refinement,Headset/tablet works; prefer both eyes open for attentive support.
Creator / Influencer,03_EXTENDED_FUNCTIONAL/golden_frog_influencer_selfie.png,Keep,Energetic expression appropriate; wink can be allowed selectively here.
Privacy / Security,03_EXTENDED_FUNCTIONAL/golden_toadal_security_guardian.png,Keep,"Calm, capable, both eyes open preferred."
Contact / Mail,02_CORE_PACK/TOADAL_10_INDIVIDUAL_WEB_ASSETS/04_contact_mail_1600px.png,Keep,Friendly messenger context.
Mobile / Generic app,02_CORE_PACK/TOADAL_10_INDIVIDUAL_WEB_ASSETS/05_mobile_games_1600px.png,Keep,Generic phone is safer than brand-specific marks.
Blog / News,02_CORE_PACK/TOADAL_10_INDIVIDUAL_WEB_ASSETS/06_blog_news_devlog_1600px.png,Keep,Writing/laptop role is readable.
Licensing / Business,03_EXTENDED_FUNCTIONAL/golden_toad_partnership_mascot.png,Keep / refine,Use professional friendly expression; no forced wink.
FAQ / Knowledge,02_CORE_PACK/TOADAL_10_INDIVIDUAL_WEB_ASSETS/08_faq_knowledge_base_1600px.png,Keep,Thoughtful/curious expression.
Community / Social,02_CORE_PACK/TOADAL_10_INDIVIDUAL_WEB_ASSETS/09_community_social_1600px.png,Keep,Inclusive/social energy.
404 / Lost,02_CORE_PACK/TOADAL_10_INDIVIDUAL_WEB_ASSETS/10_404_lost_page_1600px.png,Keep,Confused map-reading state.
Scoreboard,03_EXTENDED_FUNCTIONAL/golden_crown_frog_scoreboard_mascot.png,Keep,Focused/proud; useful for live scores.
Leaderboard / Victory,03_EXTENDED_FUNCTIONAL/golden_frog_victory_mascot.png,Keep,Celebratory expression appropriate.
Mute / Sound,03_EXTENDED_FUNCTIONAL/golden_frog_king_shushing_with_mute_sign.png,Keep / refine,Quiet/focused expression; avoid wink.
Register / Create account,03_EXTENDED_FUNCTIONAL/royal_frog_sign_up_mascot.png,Keep corrected,"Both eyes open, welcoming and trustworthy."
Delete account,03_EXTENDED_FUNCTIONAL/thoughtful_frog_account_deletion.png,Keep / serious,Use calm thoughtful expression; no celebratory grin.
Quit / Exit,03_EXTENDED_FUNCTIONAL/golden_frog_king_says_goodbye.png,Keep,Polite departure; open smile okay.
AI disclosure,03_EXTENDED_FUNCTIONAL/toadal_and_robot_shake_hands.png,Keep corrected,Friendly transparent handshake; both eyes open.
Partnership,03_EXTENDED_FUNCTIONAL/golden_toad_partnership_mascot.png,Keep,Business-friendly expression; handshake variants should not wink.
Settings,03_EXTENDED_FUNCTIONAL/crowned_frog_settings_mascot.png,Keep,Useful hover state.
Notifications / Subscribe,03_EXTENDED_FUNCTIONAL/golden_frog_mascot_ringing_bell.png,Keep,Invite/notify state; no wink needed.
Downloads,03_EXTENDED_FUNCTIONAL/crowned_frog_download_mascot.png,Keep,Clear functional iconography.
Updates,03_EXTENDED_FUNCTIONAL/winking_frog_update_mascot.png,Regenerate expression,"Useful concept, but remove habitual wink."
Bug / Maintenance,03_EXTENDED_FUNCTIONAL/glossy_frog_prince_bug_fixer_mascot.png,Keep / refine,Determined technical expression preferred.
Rewards / Treasure,03_EXTENDED_FUNCTIONAL/golden_frog_treasure_celebration.png,Keep,High-energy expression is appropriate.
Merch,03_EXTENDED_FUNCTIONAL/golden_crown_frog_merch_mascot.png,Keep,Enthusiastic sales/merch context.
Ratings,03_EXTENDED_FUNCTIONAL/crowned_frog_five_star_review_mascot.png,Keep / choose neutral alt,Pleased smile; both eyes open preferred for general rating UI.
Survey,03_EXTENDED_FUNCTIONAL/golden_survey_frog_mascot.png,Keep,Attentive clipboard expression.
Thumbs up,03_EXTENDED_FUNCTIONAL/golden_frog_prince_thumbs_up_mascot.png,Keep,Positive response.
Thumbs down,03_EXTENDED_FUNCTIONAL/grumpy_golden_toad_king_thumbs_down.png,Keep,Clear dissatisfaction; appropriate serious face.
Discovery / Search,03_EXTENDED_FUNCTIONAL/toadal_s_sparkling_discovery.png,Keep / refine,Magnifier concept strong; use curious rather than repeated wink.
Adventure / Explore,03_EXTENDED_FUNCTIONAL/crowned_frog_adventure_guide.png,Keep,Map/explore state.
Social Cause / Impact,04_BOARDS_AND_ITERATIONS/a_large_colorful_grid_collection_illustration_on_a.png,Needs individual render,"Use sincere warm expression, globe/heart/community cue, no wink/comedy."
