Context,Target expression,Decision
Creator / influencer,Cheeky wink can fit,Wink acceptable as an occasional creator/social expression.
Leaderboard / victory,Excited / open smile,High-energy mouth fits celebration.
Rewards / treasure,Excited / celebratory,High-energy mouth fits reward moment.
Merch,Enthusiastic,Open smile is fine; avoid using same exact face everywhere.
Support,"Attentive, both eyes open",Regenerate or use a non-wink variant so support feels present and listening.
Register / login,"Warm, trustworthy, both eyes open",No wink; avoid sales-like grin.
AI disclosure,"Calm, transparent, both eyes open","Handshake should communicate trust and disclosure, not cheekiness."
Partnership,Professional-friendly,Closed or modest smile; both eyes open.
Privacy / security,Calm / confident,Avoid exaggerated grin and wink.
Delete account,Serious / thoughtful,No wink; no celebratory expression.
Mute / sound,Focused / quiet,No wink; smaller mouth or shush expression.
Survey / rating,Attentive / pleased,Both eyes open; vary mouth between small smile and neutral.
404 / error,Confused / mildly concerned,No wink; avoid cheerful sales smile.
Maintenance / bug,Focused / determined,No wink; technical task expression.
Social cause / impact,Sincere / warm,No wink; calm inclusive smile.
