State,Trigger,Expression,Asset key,Priority
idle,No target,Neutral-friendly,base_idle,10
nav-hover,Navigation link,Curious/attentive,contextual_nav,70
button-hover,Primary CTA,Ready/encouraging,presenting,75
settings,Settings,Focused/helpful,settings,80
mute,Mute/Sound,Quiet/focused,mute,85
notifications,Subscribe/notifications,Inviting,bell,80
register,Create account,Warm/trustworthy,register,85
login,Login,Welcoming/attentive,login,85
delete-account,Delete account,Serious/thoughtful,delete_account,100
quit,Quit/Exit,Polite goodbye,exit,95
support,Help/Support,Attentive,support,85
faq,FAQ,Curious,faq,80
contact,Contact,Friendly,mail,80
leaderboard,Leaderboard,Proud/celebratory,leaderboard,80
scoreboard,Scoreboard,Focused/proud,scoreboard,80
rating,Ratings,Pleased,rating,80
survey,Survey,Attentive,survey,80
feedback-positive,Thumbs up,Happy,thumbs_up,90
feedback-negative,Thumbs down,Mildly dissatisfied,thumbs_down,90
ai-disclosure,AI disclosure,Open/trustworthy,ai_handshake,90
mobile,Mobile apps,Interested,phone,75
partnership,Partnership/Licensing,Professional-friendly,partnership,85
merch,Merch,Enthusiastic,merch,80
community,Community/Social,Warm/inclusive,community,80
social-impact,Social Cause/Impact,Sincere/warm,social_impact,85
blog,Blog/News,Thoughtful,blog,75
developers,Developers/API,Focused/curious,developer,75
legal,Legal/Terms,Composed,legal,90
privacy,Privacy/Security,Calm/confident,privacy,90
about,About,Warm/proud,about,70
404,404/Not found,Confused,404,95
maintenance,Maintenance,Determined,maintenance,95
food-target,Falling food nearby,Hungry/anticipating,food_track,60
eat,Food reaches mouth zone,Delighted bite,eat,92
reward,Reward/achievement,Celebratory,reward,90
